{
    "D1": [
        702,
        276
    ],
    "D2": [
        886,
        185
    ],
    "D3": [
        1038,
        117
    ],
    "D4": [
        851,
        356
    ],
    "D5": [
        1034,
        270
    ],
    "D6": [
        1193,
        186
    ],
    "D7": [
        1031,
        476
    ],
    "D8": [
        1215,
        353
    ],
    "D9": [
        1368,
        265
    ],
    "R1": [
        1122.0969172297298,
        665.8484943096455
    ],
    "R2": [
        1299,
        503
    ],
    "R3": [
        1447,
        412
    ],
    "R4": [
        1127,
        804
    ],
    "R5": [
        1285,
        681
    ],
    "R6": [
        1422,
        581
    ],
    "R7": [
        1117.9459459459458,
        944.1562183086689
    ],
    "R8": [
        1267.394214527027,
        823.6946164644681
    ],
    "R9": [
        1403,
        727
    ],
    "B1": [
        628,
        421
    ],
    "B2": [
        768,
        514
    ],
    "B3": [
        940,
        634
    ],
    "B4": [
        668,
        589
    ],
    "B5": [
        800,
        691
    ],
    "B6": [
        962,
        809
    ],
    "B7": [
        705,
        740
    ],
    "B8": [
        825,
        835
    ],
    "B9": [
        988,
        964
    ]
}