{
    "U1": [
        702,
        276
    ],
    "U2": [
        886,
        185
    ],
    "U3": [
        1068.129856418919,
        124.6153450012207
    ],
    "U4": [
        860.5622888513514,
        415.3845757704515
    ],
    "U5": [
        1039.0698902027027,
        299.07691515409033
    ],
    "U6": [
        1196.8213682432433,
        182.76925453772913
    ],
    "U7": [
        1018.3131334459459,
        506.76922284639795
    ],
    "U8": [
        1230.0323057432431,
        398.7692070007324
    ],
    "U9": [
        1379.4812077702704,
        282.4615463843713
    ],
    "F1": [
        1122.0969172297298,
        668.7692070007324
    ],
    "F2": [
        1296.4541807432433,
        556.6154083838829
    ],
    "F3": [
        1450.054054054054,
        432.00002376849835
    ],
    "F4": [
        1122.0969172297298,
        826.6153291555552
    ],
    "F5": [
        1271.5458192567567,
        714.4616097670336
    ],
    "F6": [
        1416.843116554054,
        585.6922839238094
    ],
    "F7": [
        1132,
        949
    ],
    "F8": [
        1273,
        825
    ],
    "F9": [
        1403,
        727
    ],
    "L1": [
        628,
        421
    ],
    "L2": [
        777.5352618243243,
        548.3076843848595
    ],
    "L3": [
        939.4377111486486,
        681.2307929992676
    ],
    "L4": [
        668,
        589
    ],
    "L5": [
        814.8971706081081,
        701.9999445401705
    ],
    "L6": [
        939.4377111486486,
        793.3845916161171
    ],
    "L7": [
        705,
        740
    ],
    "L8": [
        825,
        835
    ],
    "L9": [
        943.5893158783783,
        942.9231482285719
    ]
}